_id,address,name
63591f85d365b2cd802e656d,Highway 37,Company Inc
63591fe597c25b59c49af7a2,Highway 71,John
63591fe597c25b59c49af7a3,Lowstreet 4,Peter
63591fe597c25b59c49af7a4,Apple st 652,Amy
63591fe597c25b59c49af7a5,Mountain 21,Hannah
63591fe597c25b59c49af7a6,Valley 345,Michael
63591fe597c25b59c49af7a7,Ocean blvd 2,Sandy
63591fe597c25b59c49af7a8,Green Grass 1,Betty
63591fe597c25b59c49af7a9,Sky st 331,Richard
63591fe597c25b59c49af7aa,One way 98,Susan
63591fe597c25b59c49af7ab,Yellow Garden 2,Vicky
63591fe597c25b59c49af7ac,Park Lane 38,Ben
63591fe597c25b59c49af7ad,Central st 954,William
63591fe597c25b59c49af7ae,Main Road 989,Chuck
63591fe597c25b59c49af7af,Sideway 1633,Viola